Workbook

Sheet Sample eval cmt
C1: SAMPLE EVALUATION COMMENTS
I2: Dok. No: | J2: CL.ÜR.S06-F12
I3: Y. Tarihi: | J3: 41519
I4: Rev. No: | J4: 03
I5: Rev. Tarihi: | J5: 44233
B8: STYLE# | C8: 1086464 | G8: STYLE DESCRIPTION : | H8: pant
B9: BRAND : | C9: COLIN'S | G9: SIZE / RANGE : | H9: xs/xl
B10: SEASON : | C10: SS27 PH3 | G10: BASE PATTERN / FIT : | H10: high rise / wide leg
B11: MANUFACTURER : | G11: FABRICATION :
B12: DATE FOLDER CREATED : | C12: 17,03,2026 | G12: WASH : | H12: 1074805 baz
B14: Sample Type | C14: 1st | D14: Revd Date | E14: 2nd | G14: Revd Date | H14: Wash name :
B15: Proto:
B16: Fit Sample: | H16: Wash Codes:
B17: Salesman: | H17: If the sample is tested ?
B18: Size Set: | H18: Pass Fail
B19: Pre-Pruduction: | H19: explain:
B20: Others: | D20: top:
B21: SAMPLE REQUEST:
B26: FABRIC & WASH:
B32: TRIMS & EMBELLISHMENTS (prints,embys,handcrafts…) :
B45: PATTERN & FIT & MEASUREMENT :
B51: WORKMANSHIP :
G57: Merchandiser:
D58: Approved
D59: Conditional Approved
D60: Approved With Comments | G60: Technical Designer:
D61: Rejected
G62: Shipment Date:
B63: Explain Conditionally Approved :
G64: Comment Date:
B65: Explain Rejected :
G66: Sample Received Date :

Sheet  graded spec sheet 
C1: DENIM & NON DENIM BOTTOMS MEASUREMENT CHART
L2: Dok. No: | M2: CL.ÜR.S06-F20
L3: Y. Tarihi: | M3: 41709
L4: Rev. No: | M4: 01
L5: Rev. Tarihi: | M5: 44349
A8: STYLE# | C8: ='Sample eval cmt'!C8 -> 1086464 | J8: STYLE DESCRIPTION : | L8: ='Sample eval cmt'!H8 -> pant
A9: BRAND : | C9: ='Sample eval cmt'!C9 -> COLIN'S | J9: SIZE / RANGE : | L9: ='Sample eval cmt'!H9 -> xs/xl
A10: SEASON : | C10: ='Sample eval cmt'!C10 -> SS27 PH3 | J10: BASE PATTERN / FIT : | L10: ='Sample eval cmt'!H10 -> high rise / wide leg
A11: MANUFACTURER : | J11: FABRICATION : | L11: ='Sample eval cmt'!H11 -> 0
A12: DATE FOLDER CREATED : | C12: 17,03,2026 | J12: WASH : | L12: ='Sample eval cmt'!H12 -> 1074805 baz
A14: POM | B14: MEASUREMENTS POINTS | E14: XS | F14: S | G14: M | H14: L | I14: XL | J14: XXL | L14: 1/2 body yarıda/tolerance (+),(-)
A15: 20125 | B15: 1/2 WAIST AT TOP EDGE | D15: BEL (DURGUN) | E15: =F15-2 -> 33 | F15: 35 | G15: =F15+2 -> 37 | H15: =G15+2.5 -> 39.5 | I15: =H15+2.5 -> 42 | J15: =I15+2.5 -> 44.5 | L15: 1
A16: 20245 | B16: WAIS TEXT'D MINUMUM AT TOP EDGE | D16: BEL (GERGIN) | E16: =F16-2 -> 47 | F16: 49 | G16: =F16+2 -> 51 | H16: =G16+2.5 -> 53.5 | I16: =H16+2.5 -> 56 | J16: =I16+2.5 -> 58.5 | L16: 1
A17: 20305-A | B17: HIP POSITION EXC.WB AT SIDE SEAM | D17: K.H YAN BASEN ÖLÇÜM YERİ | E17: =F17-0.5 -> 16.5 | F17: 17 | G17: =F17+0.5 -> 17.5 | H17: =G17+0.5 -> 18 | I17: =H17+0.5 -> 18.5 | J17: =I17+0.5 -> 19 | L17: 0
A18: 20305-B | B18: HIP POSITION EXC.WB AT CENTER FRONT | D18: K.H ÖN ORTADAN BASEN ÖLÇÜM YERİ | E18: =F18-0.5 -> 15.5 | F18: 16 | G18: =F18+0.5 -> 16.5 | H18: =G18+0.5 -> 17 | I18: =H18+0.5 -> 17.5 | J18: =I18+0.5 -> 18 | L18: 0
A19: 20305 | B19: ½ SEAT | D19: 1/2 BASEN | E19: =F19-2 -> 50 | F19: 52 | G19: =F19+2 -> 54 | H19: =G19+2.5 -> 56.5 | I19: =H19+2.5 -> 59 | J19: =I19+2.5 -> 61.5 | L19: 1
A20: 20865 | B20: THIGH ( 1CM) FM CROTCH POINT | D20: BALDIR ( 1 CM) AŞAĞIDAN | E20: =F20-1 -> 32 | F20: 33 | G20: =F20+1 -> 34 | H20: =G20+1.3 -> 35.3 | I20: =H20+1.3 -> 36.6 | J20: =I20+1.3 -> 37.9 | L20: 0.5
A21: 21505 | B21: FRONT RISE TOP EDGE (CURVED ) | D21: ÖN AĞ ÜST KENARA ( KAVİSLİ ) K.D | E21: =F21-1 -> 29.5 | F21: 30.5 | G21: =F21+1 -> 31.5 | H21: =G21+1.3 -> 32.8 | I21: =H21+1.3 -> 34.1 | J21: =I21+1.3 -> 35.4 | L21: 0.5
A22: 21545 | B22: BACK RISE TO TOP EDGE (CURVED ) | D22: ARKA AĞ ÜST KENARDAN (KAVİSLİ) K.D | E22: =F22-1 -> 40 | F22: 41 | G22: =F22+1 -> 42 | H22: =G22+1.3 -> 43.3 | I22: =H22+1.3 -> 44.6 | J22: =I22+1.3 -> 45.9 | L22: 0.5
A23: 20905 | B23: KNEE WIDTH 12" | D23: DİZ YERİ 12" den | E23: =F23-0.7 -> 29.3 | F23: 30 | G23: =F23+0.7 -> 30.7 | H23: =G23+1 -> 31.7 | I23: =H23+1 -> 32.7 | J23: =I23+1 -> 33.7 | L23: 0.5
A24: 21125 | B24: LEG OPENING 1/2 (STRAIGHT ) | D24: 1/2 PAÇA ( DÜZ) | E24: =F24-0.7 -> 29.3 | F24: 30 | G24: =F24+0.7 -> 30.7 | H24: =G24+1 -> 31.7 | I24: =H24+1 -> 32.7 | J24: =I24+1 -> 33.7 | L24: 0
A25: 30210 | B25: BOTTOM HEM HEIGHT | D25: PAÇA KIVIRMA | E25: =F25-0 -> 2.8 | F25: 2.8 | G25: =F25+0 -> 2.8 | H25: =G25+0 -> 2.8 | I25: =H25+0 -> 2.8 | J25: =I25+0 -> 2.8 | L25: 0
A26: 21885 | B26: INSEAM ( ALONG SM) | D26: İÇBOY (DİKİŞ BOYUNCA) | E26: =F26-1 -> 77 | F26: 78 | G26: =F26+1 -> 79 | H26: =G26+1 -> 80 | I26: =H26+1 -> 81 | J26: =I26+1 -> 82 | L26: 0,5
A27: 20265 | B27: WAISTBAND WIDTH | D27: KEMER ENİ | E27: =F27-0 -> 5.2 | F27: 5.2 | G27: =F27+0 -> 5.2 | H27: =G27+0 -> 5.2 | I27: =H27+0 -> 5.2 | J27: =I27+0 -> 5.2 | L27: 0
A28: 22145 | B28: FRT PKT ALONG W/B | D28: ÖN CEP AÇIKLIĞI ÜST KEMER BOYUNCA | E28: =F28 -> 3 | F28: 3 | G28: =F28+0.5 -> 3.5 | H28: =G28 -> 3.5 | I28: =H28+0.5 -> 4 | J28: =I28+0.5 -> 4.5 | L28: 0
A29: 22165 | B29: FRT PKT LENGTH DWN OUTSEAM | D29: ÖN CEP AÇIKLIĞI YAN DİKİŞ BOYUNCA | E29: =F29 -> 15.5 | F29: 15.5 | G29: =F29+0.5 -> 16 | H29: =G29 -> 16 | I29: =H29+0.5 -> 16.5 | J29: =I29+0.5 -> 17 | L29: 0
A30: 22565 | B30: PKT BAG DEPTH | D30: ÖN CEP TORBASI DERİNLİĞİ ÖN ORTADAN KMR HRÇ | E30: =F30-0 -> 24 | F30: 24 | G30: =F30+0 -> 24 | H30: =G30+0 -> 24 | I30: =H30+0 -> 24 | J30: =I30+0 -> 24 | L30: 0
A31: 30845 | B31: 1/2 DRAWCORD LENGTH (FOLD TO END)- | D31: KORDON BOYU SARKAN KISIM | E31: =F31-0 -> 30 | F31: 30 | G31: =F31+0 -> 30 | H31: =G31+0 -> 30 | I31: =H31+0 -> 30 | J31: =I31+0 -> 30 | L31: 0

Sheet non denim speec sheet
C1: DENIM & NON DENIM BOTTOMS MEASUREMENT CHART
L2: Dok. No: | M2: CL.ÜR.S06-F20
L3: Y. Tarihi: | M3: 41709
L4: Rev. No: | M4: 01
L5: Rev. Tarihi: | M5: 44349
A8: STYLE# | C8: ='Sample eval cmt'!C8 -> 1086464 | J8: STYLE DESCRIPTION : | L8: ='Sample eval cmt'!H8 -> pant
A9: BRAND : | C9: ='Sample eval cmt'!C9 -> COLIN'S | J9: SIZE / RANGE : | L9: ='Sample eval cmt'!H9 -> xs/xl
A10: SEASON : | C10: ='Sample eval cmt'!C10 -> SS27 PH3 | J10: BASE PATTERN / FIT : | L10: ='Sample eval cmt'!H10 -> high rise / wide leg
A11: MANUFACTURER : | J11: FABRICATION : | L11: ='Sample eval cmt'!H11 -> 0
A12: DATE FOLDER CREATED : | C12: 17,03,2026 | J12: WASH : | L12: ='Sample eval cmt'!H12 -> 1074805 baz
A14: POM | B14: MEASUREMENTS POINTS | E14: S | L14: 1/2 body yarıda/tolerance (+),(-)
A15: 20125 | B15: 1/2 WAIST AT TOP EDGE | D15: BEL (DURGUN) | E15: 35 | L15: 1
A16: 20245 | B16: WAIS TEXT'D MINUMUM AT TOP EDGE | D16: BEL (GERGIN) | E16: 49 | L16: 1
A17: 20305-A | B17: HIP POSITION EXC.WB AT SIDE SEAM | D17: K.H YAN BASEN ÖLÇÜM YERİ | E17: 17 | L17: 0
A18: 20305-B | B18: HIP POSITION EXC.WB AT CENTER FRONT | D18: K.H ÖN ORTADAN BASEN ÖLÇÜM YERİ | E18: 16 | L18: 0
A19: 20305 | B19: ½ SEAT | D19: 1/2 BASEN | E19: 52 | L19: 1
A20: 20865 | B20: THIGH ( 1CM) FM CROTCH POINT | D20: BALDIR ( 1 CM) AŞAĞIDAN | E20: 33 | L20: 0.5
A21: 21505 | B21: FRONT RISE TOP EDGE (CURVED ) | D21: ÖN AĞ ÜST KENARA ( KAVİSLİ ) K.D | E21: 30.5 | L21: 0.5
A22: 21545 | B22: BACK RISE TO TOP EDGE (CURVED ) | D22: ARKA AĞ ÜST KENARDAN (KAVİSLİ) K.D | E22: 41 | L22: 0.5
A23: 20905 | B23: KNEE WIDTH 12" | D23: DİZ YERİ 12" den | E23: 30 | L23: 0.5
A24: 21125 | B24: LEG OPENING 1/2 (STRAIGHT ) | D24: 1/2 PAÇA ( DÜZ) | E24: 30 | L24: 0
A25: 30210 | B25: BOTTOM HEM HEIGHT | D25: PAÇA KIVIRMA | E25: 2.8 | L25: 0
A26: 21885 | B26: INSEAM ( ALONG SM) | D26: İÇBOY (DİKİŞ BOYUNCA) | E26: 78 | L26: 0,5
A27: 20265 | B27: WAISTBAND WIDTH | D27: KEMER ENİ | E27: 5.2 | L27: 0
A28: 22145 | B28: FRT PKT ALONG W/B | D28: ÖN CEP AÇIKLIĞI ÜST KEMER BOYUNCA | E28: 3 | L28: 0
A29: 22165 | B29: FRT PKT LENGTH DWN OUTSEAM | D29: ÖN CEP AÇIKLIĞI YAN DİKİŞ BOYUNCA | E29: 15.5 | L29: 0
A30: 22565 | B30: PKT BAG DEPTH | D30: ÖN CEP TORBASI DERİNLİĞİ ÖN ORTADAN KMR HRÇ | E30: 24 | L30: 0
A31: 30845 | B31: 1/2 DRAWCORD LENGTH (FOLD TO END)- | D31: KORDON BOYU SARKAN KISIM | E31: 30 | L31: 0

Sheet orj. photo
C1: SAMPLE PHOTO / COMMENT PAGE
H2: Dok. No: | I2: CL.ÜR.S06-F13
H3: Y. Tarihi: | I3: 41519
H4: Rev. No: | I4: 02
H5: Rev. Tarihi: | I5: 44349

Sheet non-denim skirt tims
